{"sum": 428464.0, "avr": 546.5102040816327, "sumMD": 15459.0, "avrMD": 552.1071428571429, "sumSD": 15358.0, "avrSD": 548.5, "max": 997.0, "min": 100.0}